{"0.2787703753124222":{"user_id":6},"0.2265547446653644":{"user_id":6}}